AccountId,customerAge,Gender,Region ,IncomePerMonth,maritalStatus,NumDependents ,ownCar,commercialVehicleLoan,goldLoan
ID12101,48,FEMALE,EAST,17546,NO,1,NO,NO,YES
ID12102,40,MALE,SOUTH,30085.1,YES,3,YES,YES,NO
ID12103,51,FEMALE,EAST,16575.4,YES,0,YES,NO,NO
ID12104,23,FEMALE,SOUTH,20375.4,YES,3,NO,NO,NO
ID12105,57,FEMALE,WEST,50576.3,YES,0,NO,NO,NO
ID12106,57,FEMALE,SOUTH,37869.6,YES,2,NO,NO,YES
ID12107,22,MALE,WEST,8877.07,NO,0,NO,NO,YES
ID12108,58,MALE,SOUTH,24946.6,YES,0,YES,NO,NO
ID12109,37,FEMALE,NORTH,25304.3,YES,2,YES,NO,NO
ID12110,54,MALE,SOUTH,24212.1,YES,2,YES,NO,NO
ID12111,66,FEMALE,SOUTH,59803.9,YES,0,NO,NO,NO
ID12112,52,FEMALE,EAST,26658.8,NO,0,YES,YES,NO
ID12113,44,FEMALE,SOUTH,15735.8,YES,1,NO,YES,YES
ID12114,66,FEMALE,SOUTH,55204.7,YES,1,YES,YES,YES
ID12115,36,MALE,WEST,19474.6,YES,0,NO,YES,NO
ID12116,38,FEMALE,EAST,22342.1,YES,0,YES,YES,NO
ID12117,37,FEMALE,SOUTH,17729.8,YES,2,NO,YES,NO
ID12118,46,FEMALE,NORTH,41016,YES,0,NO,YES,NO
ID12119,62,FEMALE,EAST,26909.2,YES,0,NO,NO,YES
ID12120,31,MALE,SOUTH,22522.8,YES,0,YES,NO,NO
ID12121,61,MALE,EAST,57880.7,YES,2,NO,NO,YES
ID12122,50,MALE,SOUTH,16497.3,YES,2,NO,NO,NO
ID12123,54,MALE,EAST,38446.6,YES,0,NO,NO,NO
ID12124,27,FEMALE,SOUTH,15538.8,NO,0,YES,YES,NO
ID12125,22,MALE,EAST,12640.3,NO,2,YES,NO,NO
ID12126,56,MALE,EAST,41034,YES,0,YES,YES,NO
ID12127,45,MALE,EAST,20809.7,YES,0,NO,YES,NO
ID12128,39,FEMALE,SOUTH,20114,YES,1,NO,NO,YES
ID12129,39,FEMALE,EAST,29359.1,NO,3,YES,YES,NO
ID12130,61,MALE,WEST,24270.1,YES,1,NO,NO,YES
ID12131,61,FEMALE,WEST,22942.9,YES,2,NO,NO,NO
ID12132,20,FEMALE,SOUTH,16325.8,YES,2,NO,NO,NO
ID12133,45,MALE,NORTH,23443.2,YES,1,YES,NO,YES
ID12134,33,FEMALE,EAST,29921.3,NO,3,YES,NO,NO
ID12135,43,MALE,NORTH,37521.9,NO,0,NO,NO,YES
ID12136,27,FEMALE,EAST,19868,YES,2,NO,NO,NO
ID12137,19,MALE,WEST,10953,YES,3,YES,NO,NO
ID12138,36,FEMALE,WEST,13381,NO,0,YES,NO,YES
ID12139,43,FEMALE,SOUTH,18504.3,YES,0,YES,NO,NO
ID12140,66,FEMALE,NORTH,25391.5,NO,2,NO,NO,NO
ID12141,55,MALE,SOUTH,26774.2,YES,0,NO,YES,YES
ID12142,47,FEMALE,EAST,26952.6,YES,0,YES,NO,NO
ID12143,67,MALE,SOUTH,55716.5,NO,2,YES,NO,YES
ID12144,32,FEMALE,SOUTH,27571.5,YES,0,YES,YES,NO
ID12145,20,MALE,EAST,13740,NO,2,YES,YES,NO
ID12146,64,MALE,EAST,52670.6,YES,2,NO,YES,YES
ID12147,50,FEMALE,EAST,13283.9,NO,1,YES,NO,YES
ID12148,29,MALE,EAST,13106.6,NO,2,NO,YES,YES
ID12149,52,MALE,EAST,39547.8,NO,2,YES,NO,YES
ID12150,47,FEMALE,WEST,17867.3,YES,2,YES,NO,NO
ID12151,24,MALE,SOUTH,14309.7,NO,2,YES,NO,NO
ID12152,36,MALE,SOUTH,23894.8,YES,0,NO,NO,NO
ID12153,43,MALE,SOUTH,16259.7,YES,1,NO,NO,YES
ID12154,48,MALE,NORTH,29794.1,NO,1,NO,NO,YES
ID12155,63,MALE,SOUTH,56842.5,YES,0,NO,YES,NO
ID12156,52,FEMALE,WEST,47835.8,NO,3,NO,NO,YES
ID12157,58,FEMALE,EAST,24977.5,NO,0,NO,NO,YES
ID12158,28,MALE,EAST,23124.9,YES,0,NO,NO,YES
ID12159,29,FEMALE,EAST,15143.8,YES,0,NO,NO,NO
ID12160,34,MALE,EAST,25334.3,NO,1,YES,YES,YES
ID12161,42,FEMALE,EAST,24763.3,YES,1,NO,YES,YES
ID12162,65,FEMALE,EAST,36589,NO,1,YES,NO,YES
ID12163,47,MALE,EAST,27022.6,YES,2,NO,NO,NO
ID12164,20,MALE,EAST,11700.4,YES,0,NO,NO,NO
ID12165,21,MALE,SOUTH,5014.21,NO,0,YES,YES,NO
ID12166,42,MALE,EAST,17390.1,YES,0,NO,NO,NO
ID12167,19,MALE,SOUTH,10861,NO,2,NO,NO,NO
ID12168,41,FEMALE,SOUTH,34892.9,NO,0,NO,YES,NO
ID12169,30,MALE,SOUTH,19403.1,NO,2,NO,NO,NO
ID12170,31,FEMALE,WEST,10441.9,YES,2,NO,NO,YES
ID12171,25,MALE,EAST,14064.9,YES,3,YES,NO,NO
ID12172,21,MALE,EAST,8062.73,NO,0,NO,NO,YES
ID12173,36,MALE,EAST,31982,YES,3,YES,YES,YES
ID12174,58,FEMALE,EAST,23197.5,YES,2,NO,YES,NO
ID12175,64,FEMALE,EAST,52674,NO,2,YES,NO,YES
ID12176,59,FEMALE,WEST,35610.5,NO,2,YES,NO,YES
ID12177,45,FEMALE,SOUTH,26948,NO,0,NO,YES,NO
ID12178,61,MALE,EAST,49456.7,YES,1,YES,YES,YES
ID12179,30,FEMALE,EAST,14724.5,YES,0,YES,NO,NO
ID12180,58,FEMALE,SOUTH,34524.9,YES,2,YES,NO,YES
ID12181,50,FEMALE,SOUTH,22052.1,NO,3,NO,NO,YES
ID12182,30,MALE,EAST,27808.1,NO,3,NO,NO,NO
ID12183,29,FEMALE,EAST,12591.4,YES,1,NO,NO,NO
ID12184,35,MALE,EAST,16394.4,YES,1,NO,NO,YES
ID12185,62,MALE,EAST,24026.1,YES,0,NO,YES,YES
ID12186,36,MALE,EAST,31683.1,YES,1,YES,NO,YES
ID12187,25,FEMALE,EAST,15525,YES,0,NO,NO,NO
ID12188,66,FEMALE,SOUTH,22562.2,NO,0,YES,YES,NO
ID12189,30,MALE,NORTH,15848.7,YES,0,YES,YES,NO
ID12190,54,FEMALE,EAST,31095.6,YES,2,NO,NO,YES
ID12191,37,MALE,SOUTH,24814.5,YES,1,YES,YES,YES
ID12192,28,FEMALE,EAST,25429.3,NO,2,NO,YES,NO
ID12193,53,FEMALE,WEST,34866.5,NO,0,NO,NO,YES
ID12194,61,MALE,EAST,42579.1,YES,2,YES,NO,NO
ID12195,61,FEMALE,EAST,41127.4,YES,0,YES,NO,NO
ID12196,18,FEMALE,EAST,9990.11,YES,0,NO,NO,NO
ID12197,22,MALE,EAST,7948.62,YES,1,NO,YES,NO
ID12198,34,MALE,SOUTH,30870.8,YES,2,YES,YES,YES
ID12199,35,FEMALE,EAST,12125.8,NO,2,NO,NO,NO
ID12200,18,FEMALE,WEST,15348.9,YES,0,YES,NO,NO
ID12201,54,MALE,EAST,26707.9,YES,1,NO,YES,YES
ID12202,27,FEMALE,EAST,11604.4,YES,2,YES,NO,NO
ID12203,42,MALE,EAST,15499.9,YES,0,YES,YES,YES
ID12204,43,MALE,SOUTH,33088.5,NO,0,NO,YES,NO
ID12205,64,FEMALE,EAST,34513.6,YES,1,NO,NO,YES
ID12206,43,MALE,SOUTH,32395.5,YES,3,YES,NO,NO
ID12207,49,MALE,WEST,46633,YES,0,YES,NO,NO
ID12208,23,MALE,EAST,13039.9,YES,0,NO,NO,NO
ID12209,23,MALE,EAST,12681.9,NO,0,NO,NO,YES
ID12210,30,FEMALE,EAST,24031.5,YES,2,YES,YES,NO
ID12211,36,MALE,SOUTH,37330.5,NO,2,NO,NO,YES
ID12212,34,MALE,EAST,25333.2,YES,3,YES,YES,NO
ID12213,51,FEMALE,EAST,37094.2,YES,0,YES,NO,NO
ID12214,36,MALE,SOUTH,33630.6,NO,2,YES,NO,YES
ID12215,56,MALE,EAST,43228.2,YES,1,YES,NO,YES
ID12216,54,FEMALE,EAST,47796.8,YES,0,NO,NO,NO
ID12217,56,FEMALE,SOUTH,21730.3,YES,2,NO,NO,NO
ID12218,26,MALE,EAST,10044.1,YES,3,NO,YES,NO
ID12219,39,MALE,SOUTH,17270.1,NO,0,YES,NO,YES
ID12220,64,FEMALE,WEST,45765,YES,3,YES,NO,YES
ID12221,46,MALE,WEST,29525.5,NO,2,NO,YES,NO
ID12222,62,FEMALE,WEST,54863.8,YES,1,YES,NO,YES
ID12223,36,FEMALE,SOUTH,20799,YES,1,NO,YES,YES
ID12224,35,FEMALE,WEST,33028.3,NO,1,NO,NO,YES
ID12225,47,MALE,WEST,45031.9,NO,3,YES,NO,YES
ID12226,47,MALE,EAST,39010.8,YES,2,NO,NO,YES
ID12227,37,FEMALE,SOUTH,25257.7,YES,0,YES,NO,NO
ID12228,48,FEMALE,EAST,42603.9,YES,0,NO,NO,NO
ID12229,41,MALE,SOUTH,14092.7,YES,3,YES,NO,NO
ID12230,27,FEMALE,WEST,21350.3,NO,0,YES,NO,YES
ID12231,43,MALE,EAST,23246.4,NO,2,NO,NO,NO
ID12232,61,MALE,WEST,41609.5,YES,3,NO,YES,NO
ID12233,52,FEMALE,NORTH,16716.1,NO,2,YES,NO,NO
ID12234,64,FEMALE,NORTH,36436.4,YES,0,YES,NO,NO
ID12235,66,FEMALE,SOUTH,59503.8,YES,2,YES,YES,YES
ID12236,53,FEMALE,SOUTH,31334.8,YES,1,YES,NO,YES
ID12237,20,FEMALE,EAST,14048.9,YES,2,YES,YES,NO
ID12238,57,FEMALE,EAST,39205.3,NO,0,NO,NO,YES
ID12239,65,FEMALE,WEST,42173.9,YES,0,NO,NO,NO
ID12240,64,FEMALE,EAST,55263,NO,1,NO,NO,YES
ID12241,52,MALE,EAST,37095.2,YES,3,NO,NO,NO
ID12242,47,FEMALE,EAST,22791.4,YES,0,NO,NO,NO
ID12243,28,FEMALE,SOUTH,17240.6,YES,1,YES,YES,NO
ID12244,64,MALE,SOUTH,48974.8,YES,0,YES,YES,NO
ID12245,25,MALE,EAST,18923,YES,1,NO,NO,YES
ID12246,58,MALE,NORTH,51204.2,YES,0,NO,YES,YES
ID12247,34,MALE,SOUTH,20236.2,YES,2,YES,NO,NO
ID12248,20,FEMALE,EAST,18860.3,NO,2,NO,NO,NO
ID12249,63,MALE,WEST,25732.5,YES,0,YES,NO,NO
ID12250,30,FEMALE,NORTH,28240.4,YES,3,YES,NO,NO
ID12251,53,MALE,WEST,28193.6,YES,1,YES,NO,YES
ID12252,43,MALE,SOUTH,36432.8,NO,2,YES,NO,YES
ID12253,63,MALE,SOUTH,54618.8,YES,2,NO,YES,YES
ID12254,33,MALE,EAST,24760.8,YES,1,NO,YES,YES
ID12255,41,MALE,WEST,23356.1,NO,2,YES,NO,NO
ID12256,20,FEMALE,NORTH,8143.75,YES,2,NO,NO,YES
ID12257,50,MALE,SOUTH,26462.5,YES,0,YES,NO,NO
ID12258,24,MALE,WEST,20467.3,YES,2,YES,NO,NO
ID12259,60,FEMALE,SOUTH,21506.2,YES,0,NO,NO,YES
ID12260,44,FEMALE,SOUTH,15315.3,YES,1,NO,NO,YES
ID12261,23,MALE,EAST,18875.7,YES,2,YES,NO,NO
ID12262,40,FEMALE,EAST,12977.2,YES,0,NO,NO,NO
ID12263,49,FEMALE,SOUTH,20708.5,NO,3,NO,NO,NO
ID12264,21,FEMALE,SOUTH,7549.38,NO,1,YES,NO,NO
ID12265,40,FEMALE,EAST,24904,YES,0,NO,NO,NO
ID12266,26,MALE,WEST,24071.8,YES,1,NO,YES,YES
ID12267,20,MALE,SOUTH,9589.91,NO,1,NO,YES,NO
ID12268,24,MALE,EAST,8562.86,NO,1,NO,YES,NO
ID12269,37,FEMALE,SOUTH,26707.5,NO,0,YES,NO,NO
ID12270,56,MALE,EAST,34020.5,YES,0,NO,NO,NO
ID12271,52,MALE,EAST,49175.7,YES,0,YES,NO,NO
ID12272,22,MALE,EAST,19726.3,YES,2,NO,NO,NO
ID12273,35,MALE,EAST,24346.6,YES,3,YES,NO,NO
ID12274,34,MALE,WEST,26999.4,YES,1,YES,NO,YES
ID12275,67,FEMALE,SOUTH,41558.1,YES,2,NO,NO,YES
ID12276,58,FEMALE,EAST,56340.3,NO,0,NO,NO,YES
ID12277,40,MALE,SOUTH,37558.5,YES,0,YES,NO,NO
ID12278,41,FEMALE,EAST,30099.3,YES,0,YES,YES,YES
ID12279,43,MALE,EAST,15254.8,YES,0,NO,NO,YES
ID12280,63,MALE,EAST,36086.1,YES,2,NO,NO,YES
ID12281,22,FEMALE,EAST,17655,YES,1,NO,YES,YES
ID12282,60,MALE,WEST,56658.9,NO,0,NO,NO,YES
ID12283,65,FEMALE,EAST,37706.5,NO,0,YES,YES,NO
ID12284,48,FEMALE,EAST,18516,YES,2,YES,YES,NO
ID12285,38,FEMALE,EAST,29622,NO,0,YES,YES,NO
ID12286,49,MALE,WEST,32669.9,YES,1,YES,YES,YES
ID12287,20,FEMALE,EAST,18275.5,YES,0,NO,YES,YES
ID12288,48,FEMALE,SOUTH,34410,YES,1,NO,NO,YES
ID12289,38,MALE,EAST,34866.9,YES,2,YES,YES,NO
ID12290,41,FEMALE,EAST,21796.6,YES,0,NO,NO,NO
ID12291,67,FEMALE,NORTH,63130.1,YES,2,YES,NO,YES
ID12292,39,MALE,EAST,14996.4,YES,1,YES,NO,NO
ID12293,64,FEMALE,WEST,49024.9,YES,3,NO,NO,YES
ID12294,41,MALE,EAST,16249.8,YES,0,YES,YES,YES
ID12295,55,MALE,NORTH,36192.1,YES,2,YES,NO,YES
ID12296,52,MALE,EAST,17839.9,YES,1,NO,YES,YES
ID12297,30,FEMALE,EAST,18802.4,NO,0,NO,YES,YES
ID12298,52,MALE,EAST,48720.3,YES,2,YES,NO,YES
ID12299,26,MALE,EAST,14585.9,NO,2,NO,YES,NO
ID12300,26,FEMALE,EAST,20819,YES,0,NO,NO,YES
ID12301,46,MALE,SOUTH,26077.8,YES,1,YES,NO,YES
ID12302,46,FEMALE,SOUTH,41627.1,YES,0,NO,YES,NO
ID12303,52,MALE,EAST,16977.3,YES,0,NO,NO,NO
ID12304,37,MALE,EAST,19012.8,NO,3,YES,NO,NO
ID12305,22,MALE,EAST,12764.8,YES,1,NO,YES,YES
ID12306,18,MALE,EAST,14388.6,NO,0,YES,YES,YES
ID12307,63,MALE,EAST,59409.1,NO,0,YES,NO,YES
ID12308,25,FEMALE,EAST,14960.2,YES,0,NO,YES,NO
ID12309,67,MALE,EAST,39666.6,YES,0,YES,NO,NO
ID12310,27,MALE,EAST,20771.9,NO,0,NO,NO,YES
ID12311,61,MALE,EAST,24474.1,NO,0,YES,NO,YES
ID12312,58,MALE,SOUTH,33123.7,YES,1,YES,NO,YES
ID12313,22,MALE,EAST,14433.4,YES,0,YES,NO,YES
ID12314,28,MALE,SOUTH,13175.5,NO,1,NO,NO,YES
ID12315,23,MALE,EAST,9824.37,YES,0,NO,NO,NO
ID12316,27,MALE,NORTH,17610.3,YES,0,NO,NO,NO
ID12317,27,FEMALE,NORTH,15156.2,YES,0,YES,NO,NO
ID12318,40,FEMALE,EAST,31774.1,YES,3,YES,YES,NO
ID12319,39,MALE,SOUTH,31693.5,NO,0,YES,NO,YES
ID12320,35,FEMALE,EAST,28598.7,YES,0,YES,NO,NO
ID12321,37,FEMALE,EAST,26261.7,NO,2,YES,NO,NO
ID12322,47,MALE,EAST,42124.1,YES,2,NO,NO,YES
ID12323,42,FEMALE,EAST,39308.7,YES,1,NO,NO,YES
ID12324,67,FEMALE,EAST,43530,YES,0,NO,YES,NO
ID12325,57,MALE,WEST,49874.4,YES,3,NO,NO,YES
ID12326,47,FEMALE,WEST,27434.8,NO,0,YES,NO,YES
ID12327,67,MALE,EAST,50474.6,YES,2,YES,NO,YES
ID12328,56,MALE,SOUTH,24888.2,NO,0,NO,NO,YES
ID12329,37,MALE,WEST,28021.6,NO,0,YES,YES,YES
ID12330,27,MALE,EAST,12279.5,NO,0,YES,NO,YES
ID12331,59,FEMALE,EAST,30189.4,YES,0,YES,YES,YES
ID12332,31,MALE,EAST,28969.4,NO,1,NO,YES,NO
ID12333,31,MALE,NORTH,14058.5,YES,0,NO,YES,YES
ID12334,32,FEMALE,SOUTH,30404.3,YES,0,YES,NO,NO
ID12335,57,FEMALE,WEST,41438.2,NO,3,NO,NO,NO
ID12336,49,FEMALE,EAST,16711.3,NO,1,NO,YES,YES
ID12337,65,MALE,SOUTH,52255.9,NO,2,YES,NO,YES
ID12338,22,FEMALE,EAST,17866.9,YES,2,NO,YES,NO
ID12339,26,FEMALE,WEST,18067.5,YES,2,NO,NO,NO
ID12340,23,MALE,EAST,12823.7,YES,0,YES,NO,NO
ID12341,26,FEMALE,WEST,11299.3,YES,2,YES,NO,NO
ID12342,59,FEMALE,EAST,56031.1,NO,0,YES,NO,YES
ID12343,67,MALE,EAST,35263.5,YES,1,YES,NO,YES
ID12344,34,FEMALE,EAST,19968.1,YES,0,YES,NO,NO
ID12345,50,MALE,WEST,27825.5,YES,2,YES,NO,NO
ID12346,46,MALE,NORTH,37773.9,NO,0,YES,YES,NO
ID12347,23,FEMALE,EAST,7606.25,NO,3,YES,NO,NO
ID12348,26,MALE,WEST,21384.4,YES,0,NO,NO,NO
ID12349,40,MALE,SOUTH,20347,YES,3,NO,NO,NO
ID12350,36,MALE,SOUTH,21332.3,YES,3,YES,NO,NO
ID12351,65,MALE,EAST,57671.7,NO,0,NO,YES,NO
ID12352,45,FEMALE,SOUTH,36057.8,YES,1,YES,YES,YES
ID12353,23,MALE,EAST,14290.5,YES,2,NO,YES,NO
ID12354,42,FEMALE,SOUTH,17882.9,YES,1,NO,NO,YES
ID12355,21,FEMALE,WEST,10629.1,NO,3,NO,YES,NO
ID12356,62,FEMALE,EAST,24262.8,NO,0,YES,NO,YES
ID12357,49,FEMALE,NORTH,26097.9,NO,2,NO,NO,NO
ID12358,28,FEMALE,SOUTH,23371,YES,2,NO,YES,NO
ID12359,38,FEMALE,SOUTH,21495.6,NO,3,NO,YES,NO
ID12360,36,MALE,SOUTH,12166.9,NO,0,NO,NO,NO
ID12361,22,MALE,NORTH,17180.2,YES,0,NO,NO,NO
ID12362,40,FEMALE,SOUTH,28882.3,YES,1,NO,YES,YES
ID12363,40,FEMALE,SOUTH,21612.2,YES,0,NO,NO,NO
ID12364,60,FEMALE,EAST,46358.4,YES,0,YES,YES,NO
ID12365,23,MALE,EAST,19166,NO,0,YES,NO,YES
ID12366,21,MALE,EAST,17921.8,YES,1,YES,NO,YES
ID12367,58,MALE,SOUTH,33229,NO,0,YES,NO,YES
ID12368,48,FEMALE,NORTH,30396.1,NO,0,NO,NO,YES
ID12369,63,FEMALE,SOUTH,34625.2,YES,0,YES,NO,NO
ID12370,20,MALE,SOUTH,16672.8,NO,3,YES,YES,NO
ID12371,67,FEMALE,NORTH,60747.5,NO,2,NO,YES,YES
ID12372,62,FEMALE,EAST,56394.3,NO,0,YES,NO,YES
ID12373,36,MALE,SOUTH,13236.4,YES,0,NO,NO,NO
ID12374,31,MALE,EAST,28409.4,YES,1,YES,NO,YES
ID12375,42,FEMALE,EAST,27056.5,YES,0,YES,NO,NO
ID12376,18,MALE,WEST,9362.58,YES,0,YES,YES,YES
ID12377,46,FEMALE,NORTH,28702.7,NO,1,NO,YES,YES
ID12378,25,MALE,SOUTH,22366.1,YES,1,YES,NO,YES
ID12379,65,FEMALE,WEST,24477.5,NO,0,NO,YES,NO
ID12380,40,MALE,SOUTH,36972.4,YES,1,NO,YES,YES
ID12381,32,MALE,EAST,22327.8,YES,1,NO,NO,YES
ID12382,18,FEMALE,EAST,15610.2,YES,0,NO,NO,NO
ID12383,64,MALE,EAST,54314.5,YES,1,YES,NO,YES
ID12384,43,FEMALE,EAST,39175.8,YES,3,NO,YES,NO
ID12385,22,FEMALE,EAST,13739,YES,3,NO,NO,NO
ID12386,25,MALE,SOUTH,9485.84,YES,0,NO,NO,NO
ID12387,39,MALE,EAST,24675.7,YES,1,YES,YES,YES
ID12388,58,FEMALE,EAST,28253.6,YES,3,NO,NO,NO
ID12389,33,MALE,EAST,14136.5,YES,1,NO,NO,NO
ID12390,52,FEMALE,WEST,37162.1,YES,1,YES,NO,YES
ID12391,23,MALE,EAST,13519.2,NO,0,NO,NO,YES
ID12392,44,FEMALE,EAST,39253.6,NO,0,YES,NO,YES
ID12393,51,MALE,WEST,46323.8,YES,2,YES,YES,YES
ID12394,26,FEMALE,SOUTH,20950.7,YES,0,NO,NO,NO
ID12395,42,MALE,SOUTH,22495.7,YES,0,NO,YES,NO
ID12396,34,MALE,SOUTH,32548.9,YES,0,YES,YES,NO
ID12397,54,FEMALE,WEST,24583.4,NO,2,YES,YES,NO
ID12398,18,MALE,WEST,8639.24,YES,2,NO,NO,NO
ID12399,47,FEMALE,EAST,17139.5,NO,2,YES,NO,NO
ID12400,24,FEMALE,EAST,13667.7,YES,0,NO,NO,NO
ID12401,19,FEMALE,EAST,8162.42,YES,1,YES,YES,NO
ID12402,37,FEMALE,SOUTH,15349.6,YES,0,NO,NO,NO
ID12403,45,FEMALE,SOUTH,29231.4,YES,0,NO,NO,NO
ID12404,49,MALE,WEST,41462.3,YES,3,NO,YES,NO
ID12405,67,FEMALE,WEST,57398.1,NO,3,NO,NO,YES
ID12406,35,FEMALE,WEST,11520.8,YES,0,NO,NO,NO
ID12407,63,MALE,EAST,52117.3,NO,2,YES,NO,YES
ID12408,38,MALE,WEST,26281.4,NO,0,YES,NO,YES
ID12409,48,MALE,SOUTH,25683.4,NO,2,YES,NO,NO
ID12410,28,FEMALE,EAST,11920.7,NO,1,NO,NO,NO
ID12411,46,MALE,SOUTH,30658.7,YES,0,NO,NO,NO
ID12412,66,MALE,EAST,36646.4,NO,1,NO,NO,YES
ID12413,61,FEMALE,SOUTH,30760.4,NO,2,YES,NO,YES
ID12414,18,FEMALE,WEST,16109.9,NO,2,YES,NO,NO
ID12415,54,FEMALE,SOUTH,18036.7,YES,0,YES,NO,NO
ID12416,45,MALE,WEST,42628.3,NO,0,YES,YES,NO
ID12417,60,MALE,EAST,22110.1,NO,2,YES,NO,NO
ID12418,45,FEMALE,SOUTH,37689.1,NO,1,NO,YES,YES
ID12419,31,FEMALE,EAST,23171.8,NO,2,NO,NO,NO
ID12420,39,MALE,NORTH,21951.3,NO,0,YES,YES,NO
ID12421,53,MALE,EAST,38103.4,NO,2,YES,NO,YES
ID12422,35,MALE,WEST,22882.9,YES,0,YES,YES,YES
ID12423,25,FEMALE,SOUTH,11043.7,YES,1,YES,YES,NO
ID12424,32,MALE,SOUTH,24027.6,NO,0,NO,NO,YES
ID12425,36,MALE,NORTH,28495.1,YES,0,NO,NO,NO
ID12426,24,FEMALE,SOUTH,9465.21,NO,0,NO,NO,YES
ID12427,39,MALE,EAST,34852.3,YES,1,NO,YES,YES
ID12428,24,MALE,EAST,21268.4,YES,0,NO,YES,YES
ID12429,57,FEMALE,WEST,50849.2,NO,1,NO,YES,YES
ID12430,27,FEMALE,SOUTH,18555.9,YES,3,NO,NO,NO
ID12431,66,FEMALE,WEST,52769.9,YES,3,YES,NO,YES
ID12432,18,FEMALE,EAST,11601.4,YES,2,NO,YES,NO
ID12433,33,FEMALE,SOUTH,29541.7,YES,0,NO,NO,NO
ID12434,48,MALE,NORTH,17861,YES,2,NO,NO,NO
ID12435,23,FEMALE,NORTH,21042,YES,1,NO,NO,YES
ID12436,44,MALE,SOUTH,26688.1,YES,1,NO,YES,YES
ID12437,39,MALE,EAST,26900.6,YES,2,NO,YES,NO
ID12438,65,MALE,EAST,38080.9,YES,1,YES,YES,NO
ID12439,60,MALE,NORTH,37554.1,YES,2,YES,YES,YES
ID12440,20,MALE,EAST,18184.6,YES,0,NO,YES,YES
ID12441,45,FEMALE,NORTH,28864.9,YES,0,NO,NO,NO
ID12442,66,MALE,WEST,48346.1,YES,1,YES,NO,YES
ID12443,64,MALE,EAST,53104.3,YES,0,YES,NO,NO
ID12444,51,FEMALE,EAST,19416.8,YES,0,NO,NO,NO
ID12445,34,MALE,WEST,23638.1,YES,2,YES,NO,NO
ID12446,65,FEMALE,SOUTH,42378.2,YES,1,NO,NO,YES
ID12447,50,MALE,WEST,39745.3,YES,0,YES,YES,NO
ID12448,66,FEMALE,EAST,45189.8,YES,0,NO,NO,NO
ID12449,63,MALE,EAST,37930.9,YES,0,NO,YES,NO
ID12450,53,FEMALE,EAST,24042,NO,1,NO,NO,YES
